var	concordance	Estimate	SE	P.Val	Nag.R2	FDR	varOrig	varlabel
ha40_3	1	0.00223470239241633	6.83688412923337e-4	0.00219177583214579	0.107561787917045	0.0140621386923008	ha40	body mass index for respondent
ha41_3	1	0.00328953307718006	0.00105932499561803	0.00344149947068237	0.101568498130785	0.0208206208537858	ha41	rohrer's index for respondent
v605_8	1	-2.32016112411554	0.436905674005126	2.12887485492168e-7	0.0949067887921543	1.82114326531601e-6	v605	desire for more children
mv745_1	1	-2.80615839267615	0.704418447657603	8.68112061061687e-5	0.0879703262677309	6.73543921794664e-4	mv745	activity last 12 months
v013_1	1	-2.4685226736736	0.522743966865072	3.39484160716515e-6	0.0852353726026591	2.85830670331981e-5	v013	age 5-year groups
hv125_1	1	-2.60776679206565	0.594702884229258	1.54112260499918e-5	0.0734916310511765	1.24267559901595e-4	hv125	member attended school during previous school year
hv125_0	1	2.60776679206566	0.59470288422926	1.54112260499916e-5	0.0734916310511764	1.24267559901595e-4	hv125	member attended school during previous school year
hv126_0	1	2.60776679206566	0.59470288422926	1.54112260499916e-5	0.0734916310511764	1.24267559901595e-4	hv126	educational level during previous school year
hv128	1	-0.372113786535868	0.118429595477037	0.00182239994116254	0.0674435432257843	0.0118345144597635	hv128	education in single years - previous school year
hv121_0	1	2.58241516723174	0.63918266680309	6.58397718777055e-5	0.0670285764608122	5.15326542937232e-4	hv121	member attended school during current school year
hv122_0	1	2.58241516723174	0.63918266680309	6.58397718777055e-5	0.0670285764608122	5.15326542937232e-4	hv122	educational level during current school year
sh55_2	1	3.05851862574138	0.801559320932895	1.60817571927428e-4	0.0655737246368916	0.00121249180642459	sh55	under age 18
sh55_1	1	-3.05851862574136	0.801559320932876	1.60817571927384e-4	0.0655737246368916	0.00121249180642459	sh55	under age 18
v513_0	1	-1.35479137177166	0.19665348200467	2.659356e-11	0.0644881324497544	2.41422488571429e-10	v513	marital duration (grouped)
hv124	1	-0.342577733807968	0.116300714555514	0.00344135422560947	0.0642929444165256	0.0208206208537858	hv124	education in single years - current school year
v501_0	1	-1.34621160252476	0.196391611835902	3.290125e-11	0.063890861347535	2.95668135521886e-10	v501	current marital status
v502_0	1	-1.34621160252476	0.196391611835902	3.290125e-11	0.063890861347535	2.95668135521886e-10	v502	currently/formerly/never marr.
hv121_1	1	-2.51744050170946	0.639008792836988	9.87426934837873e-5	0.0624204587536578	7.57311060081195e-4	hv121	member attended school during current school year
hv110_1	1	-2.51744050170946	0.639008792836988	9.87426934837873e-5	0.0624204587536578	7.57311060081195e-4	hv110	member still in school
hv110_0	1	2.51744050170947	0.639008792836995	9.87426934837976e-5	0.0624204587536575	7.57311060081195e-4	hv110	member still in school
hv113_03_1	1	2.83771785829174	0.819630499017824	6.34206429554464e-4	0.0603052157784024	0.00448991236201821	hv113_03	father alive
v013_4	1	1.63196110546661	0.24436043829409199	9.640846e-11	0.056501545459642	8.60582540936455e-10	v013	age 5-year groups
mv245	1	1.00239335123714	0.149309383090525	7.798408e-11	0.053126543350276	6.98454729932886e-10	mv245	women fathered children with
hv113_03_0	1	-2.7161502029313	0.820576456192951	0.00107629182461696	0.0529557141285104	0.00725409818157239	hv113_03	father alive
mv745_2	1	1.44938327916507	0.310913236115254	4.88056083547381e-6	0.0522835470760719	4.08345356422558e-5	mv745	activity last 12 months
mv538	1	1.01355046617061	0.182353367732307	5.45326094273515e-8	0.0496123384889479	4.69508176005165e-7	mv538	total wives, partners ever (including former)
v525	1	0.0828578831383432	0.0139285897286589	6.698122e-9	0.0471801740472635	5.86140577639344e-8	v525	age at first intercourse
v501_1	1	1.0970453481101199	0.183193343627208	5.306979e-9	0.0449823833695876	4.65931807598684e-8	v501	current marital status
v502_1	1	1.08789448640141	0.185081812392982	9.779774e-9	0.0442416544670664	8.50235075114007e-8	v502	currently/formerly/never marr.
hv126_1	1	-2.63413814891926	0.780645687731207	8.23953210221723e-4	0.0428840383117556	0.00570678953788893	hv126	educational level during previous school year
v536_0	1	-1.97801735919122	0.429564480509771	5.81111453568205e-6	0.0423645389420206	4.83173355007333e-5	v536	recent sexual activity
v602_6	1	-1.97339868948464	0.42954681226222	6.0954551417394e-6	0.0420660671475291	5.0524129730753e-5	v602	fertility preference
v531	1	0.0749939711163191	0.0127447202610294	9.486086e-9	0.0396964872041057	8.27397501111111e-8	v531	age at first intercourse (imp)
v535_1	1	1.80408073530263	0.374069210213818	2.28531258981844e-6	0.0393587302070528	1.93634898483347e-5	v535	have ever been married
shhivage	1	0.0394930078935084	0.0059424847469475	1.173756e-10	0.0392957358328742	1.044251588e-9	shhivage	imputed age (from individual questionnaire}
v012	1	0.0393835581432487	0.00596566824559731	1.530389e-10	0.0391261117781271	1.34805552508251e-9	v012	current age - respondent
sh54	1	0.0394551518194415	0.00596989034614471	1.464664e-10	0.0391249826776842	1.29873362657807e-9	sh54	age
hv105	1	0.0393838979117348	0.00596316834094978	1.504704e-10	0.039112046753356	1.32981952847682e-9	hv105	age of household members
v731_0	1	-1.01579665294922	0.190128852484402	1.66699082089208e-7	0.0380417515231346	1.43061045046976e-6	v731	worked in last 12 months
v535_0	1	-1.67340633357281	0.358338276672254	4.6081041254607e-6	0.0367909881412152	3.8676194688222e-5	v535	have ever been married
hv122_1	1	-2.70070536436998	0.999250276966672	0.00721641258421964	0.0350183143300099	0.0402245748764962	hv122	educational level during current school year
v717_0	1	-0.959635208873284	0.189692689495781	6.85771516522586e-7	0.0345804721389517	5.84768107859036e-6	v717	respondent's occupation
mv534_0	1	-1.11187889583526	0.292392674962103	1.74405374321814e-4	0.0308219350534384	0.0013112336452533	mv534	have a regular sex partner
v304_02_1	1	0.902844211594139	0.204276433588749	1.32435662453095e-5	0.0298489201079585	1.08760240949947e-4	v304_02	knows method
v304_02_0	1	-0.902844211594135	0.204276433588749	1.32435662453102e-5	0.0298489201079584	1.08760240949947e-4	v304_02	knows method
v013_5	1	1.33605473362306	0.27933115672217	2.55970206996179e-6	0.0292986388038954	2.16197621035697e-5	v013	age 5-year groups
v463z_1	1	-0.852058182669705	0.193228012004155	1.38429811309372e-5	0.0276012161219742	1.12987512655877e-4	v463z	smokes nothing
v463z_0	1	0.852058182669705	0.193228012004155	1.38429811309373e-5	0.0276012161219742	1.12987512655877e-4	v463z	smokes nothing
sh55_02_1	1	-1.61078570538244	0.462543499673222	5.6731849816974e-4	0.0273729209269642	0.00404859110057545	sh55_02	under age 18
sh55_02_2	1	1.61078570538245	0.462543499673228	5.67318498169808e-4	0.0273729209269641	0.00404859110057545	sh55_02	under age 18
mv396_1	1	0.90731711567947	0.197768982866564	6.27358556133708e-6	0.0270460255373401	5.18396280594696e-5	mv396	can a woman who is breastfeeding get pregnant
s528	1	0.0265168955169535	0.00785805806832679	8.26826107269054e-4	0.0242478326445569	0.00570678953788893	s528	lifetime number of partners
shln	1	-0.424470661585093	0.115254721650221	2.67476289751405e-4	0.0233447957293952	0.00196665073649174	shln	line number
v513_2	1	1.16362270263517	0.281126816715407	4.38329075374874e-5	0.022735606683857	3.4818461374272e-4	v513	marital duration (grouped)
v717_8	1	0.986445141253956	0.203606046990014	1.91525080532318e-6	0.0226161459360996	1.6279631845247e-5	v717	respondent's occupation
v304_09_1	1	0.765804047114654	0.186593690182841	5.06656057900847e-5	0.0224518894011614	3.98898235556744e-4	v304_09	knows method
v304_09_0	1	-0.765804047114654	0.186593690182841	5.0665605790084e-5	0.0224518894011612	3.98898235556744e-4	v304_09	knows method
sh03_1	1	0.764340704709569	0.190784544793598	7.55409189462253e-5	0.0222357309771766	5.87809657922669e-4	sh03	relationship to head
hv101_1	1	0.764340704709569	0.190784544793598	7.55409189462253e-5	0.0222357309771766	5.87809657922669e-4	hv101	relationship to head
s116b_1	1	15.3847678049339	0.430858265609984	4.388744e-68	0.0220402566741417	2.12973874072727e-66	s116b	watches rsa tv
s116b_0	1	-15.3847678062962	0.430858267121859	4.388746e-68	0.0220402566741414	2.12973874072727e-66	s116b	watches rsa tv
v150_1	1	0.758489572488457	0.191289152556546	8.91547720166496e-5	0.021936326361399	6.89721989891124e-4	v150	relationship to household head
v003	1	-0.230848170883064	0.0684381044261034	8.27473792118028e-4	0.0219096578866991	0.00570678953788893	v003	line number
sh51	1	-0.230848170883064	0.0684381044261034	8.27473792118028e-4	0.0219096578866991	0.00570678953788893	sh51	line number in household schedule
idxh4	1	-0.230848170883064	0.0684381044261034	8.27473792118028e-4	0.0219096578866991	0.00570678953788893	idxh4	index to household schedule
hivline	1	-0.230848170883064	0.0684381044261034	8.27473792118028e-4	0.0219096578866991	0.00570678953788893	hivline	line
v602_1	1	0.832995074946253	0.198691805627877	3.50965882880884e-5	0.0212781115999228	2.80457467487748e-4	v602	fertility preference
v781_0	1	-1.07237978043234	0.254097996306353	3.12916575906331e-5	0.0211592817971428	2.50803105433663e-4	v781	ever been tested for aids
v781_1	1	1.07237978043233	0.254097996306353	3.12916575906368e-5	0.0211592817971428	2.50803105433663e-4	v781	ever been tested for aids
v605_1	1	0.863537581654117	0.265066486659453	0.00125113222312315	0.0198455649816593	0.00834817975878922	v605	desire for more children
shlabstat_1	1	-16.9514254291744	0.388189132983092	8.02062e-143	0.019368942053495	7.13567826e-140	shlabstat	hiv laboratory test status
shlabstat_2	1	16.9514254275955	0.388189131537525	8.020611e-143	0.0193689420534948	7.13567826e-140	shlabstat	hiv laboratory test status
sh53_01_2	1	-0.993193555198733	0.259964399331301	1.57852129196714e-4	0.0193476248498329	0.00119689583189221	sh53_01	sex
sh53_01_1	1	0.993193555198728	0.2599643993313	1.57852129196724e-4	0.0193476248498327	0.00119689583189221	sh53_01	sex
hv129_08_3	1	-15.9194623277854	0.462666406153274	5.024046e-60	0.0189822505340541	1.86238594083333e-58	hv129_08	school attendance status
sm623_0	1	-0.729803885746695	0.197847076178458	2.6164454927503e-4	0.0188408744719248	0.00192908646965489	sm623	ever drunk alcohol
sm623_1	1	0.729803885746696	0.197847076178459	2.61644549275035e-4	0.0188408744719248	0.00192908646965489	sm623	ever drunk alcohol
v304_03_1	1	0.705110434538183	0.19614452934155	3.71870601078048e-4	0.0171465786076445	0.00269707237575356	v304_03	knows method
v304_03_0	1	-0.705110434538187	0.196144529341551	3.71870601078041e-4	0.0171465786076442	0.00269707237575356	v304_03	knows method
hc33_2_3	1	-15.454195702001	0.616404153148761	3.659171e-45	0.0171005028478823	7.87607048306452e-44	hc33_2	completeness of information
v536_1	1	0.658517929591383	0.171278762240778	1.43627613283414e-4	0.0167273501576446	0.00109840143224479	v536	recent sexual activity
mv396_8	1	-0.88850930811967	0.279223246860348	0.00159466986596803	0.0160676364180691	0.0104574296615938	mv396	can a woman who is breastfeeding get pregnant
v754jp_0	1	-0.661465181092011	0.202737656131812	0.00121499279688449	0.0158826182237992	0.00812735783179124	v754jp	get aids from mosquito bites
v304_01_1	1	0.662545970268342	0.197136192056126	8.63799406424625e-4	0.015059415872512	0.00592668538752526	v304_01	knows method
v304_01_0	1	-0.662545970268342	0.197136192056126	8.63799406424615e-4	0.015059415872512	0.00592668538752526	v304_01	knows method
shhived1_05_3	1	-15.2334635280979	0.882587681217917	1.770355e-27	0.0149914855879465	2.02793025536481e-26	shhived1_05	highest education level
s861_0	1	-0.771217142233854	0.230089309392699	8.9210026072514e-4	0.0146635596926515	0.00607849777903671	s861	do you think tb can be cured
s861_1	1	0.77121714223385	0.230089309392698	8.92100260725144e-4	0.0146635596926514	0.00607849777903671	s861	do you think tb can be cured
sm748_0	1	-0.613140440810471	0.177303076383385	6.1176256652299e-4	0.0143911600870343	0.00434253800545187	sm748	are you circumcised
sm748_1	1	0.613140440810471	0.177303076383385	6.11762566523006e-4	0.0143911600870341	0.00434253800545187	sm748	are you circumcised
mv3b15i_0	1	-1.94746493396866	0.705555440035589	0.00619609765551753	0.014258276081857	0.0352609480651946	mv3b15i	problems with condom: inconvenient to use/messy
mv3b15i_1	1	1.94746493396866	0.70555544003559	0.00619609765551753	0.0142582760818568	0.0352609480651946	mv3b15i	problems with condom: inconvenient to use/messy
v731_2	1	0.63442337648728	0.175495321941737	3.45031886986157e-4	0.0139910837296726	0.00252298659278371	v731	worked in last 12 months
v785b_1	1	1.03480441435023	0.290573133603186	4.20757876387883e-4	0.0138295628723973	0.00301882465612704	v785b	man's symptoms of sti
v785b_0	1	-1.03480441435023	0.290573133603185	4.20757876387877e-4	0.0138295628723971	0.00301882465612704	v785b	man's symptoms of sti
v714_1	1	0.604089084121732	0.17540584666691	6.43670239893247e-4	0.01269055194724	0.00453286509307442	v714	respondent currently working
v714_0	1	-0.604089084121728	0.17540584666691	6.43670239893296e-4	0.0126905519472398	0.00453286509307442	v714	respondent currently working
sm611_1_1	1	15.500852454761	1.0110462830048	5.293175e-35	0.0123510448061214	8.77483482919255e-34	sm611_1	who provided money/goods/svcs to pay for care
v785g_0	1	-0.658665659186534	0.219348577327659	0.00286949249155757	0.0122729262085987	0.0177284154165906	v785g	man's symptoms of sti
v785g_1	1	0.658665659186536	0.21934857732766	0.00286949249155748	0.0122729262085987	0.0177284154165906	v785g	man's symptoms of sti
hv118_01_1	1	0.566522515224537	0.187327576366633	0.00267890795881647	0.0121914708890665	0.0167840500987826	hv118_01	eligibility for male interview
hv118_01_0	1	-0.566522515224536	0.187327576366633	0.00267890795881656	0.0121914708890665	0.0167840500987826	hv118_01	eligibility for male interview
v785z_1	1	-0.568012238254508	0.191048211589743	0.003154415983984	0.011650012725827	0.0193543362327662	v785z	man's symptoms of sti
v785z_0	1	0.568012238254508	0.191048211589743	0.00315441598398391	0.0116500127258268	0.0193543362327662	v785z	man's symptoms of sti
sh55_01_1	1	-2.49962789535703	0.761042927735243	0.00112615895598876	0.0116249075286209	0.00755205591340208	sh55_01	under age 18
sh55_01_2	1	2.49962789535704	0.761042927735244	0.00112615895598877	0.0116249075286207	0.00755205591340208	sh55_01	under age 18
v218	1	0.123441302263412	0.0358748364624929	6.5075329089121e-4	0.0114804397342442	0.00457068561418063	v218	number of living children
v361_4	1	-0.554543150329033	0.199558161052682	0.00575290389409293	0.0114561051404969	0.0328790160456831	v361	pattern of use
mv791_1	1	1.04087763859682	0.362183749798511	0.00430500931342294	0.0113602223198086	0.0253085239152551	mv791	ever paid for sex
mv791_0	1	-1.04087763859682	0.36218374979851	0.0043050093134229	0.0113602223198084	0.0253085239152551	mv791	ever paid for sex
v201	1	0.107440276500314	0.0299172250542328	3.76712509271777e-4	0.011220209815571	0.00272478506028827	v201	total children ever born
v013_2	1	-0.784714965862424	0.266093004989407	0.00340459640260382	0.0111607557369062	0.0206990154864455	v013	age 5-year groups
v304_06_0	1	-0.54240439119571	0.179949356615451	0.00276669231081541	0.0111282357635151	0.0172530415363701	v304_06	knows method
v304_06_1	1	0.54240439119571	0.179949356615451	0.00276669231081543	0.0111282357635148	0.0172530415363701	v304_06	knows method
v513_3	1	0.972854038318589	0.306250063946661	0.00162384205530452	0.0110133718321983	0.0106226334451171	v513	marital duration (grouped)
mv3b25d_8	1	-0.86290579521526	0.298806775275709	0.00412303654342954	0.0105424958113942	0.0244541878542521	mv3b25d	woman can get pregnant, so she should be sterilized
s851c_0	1	-0.591797713521424	0.192160946588833	0.00223790880009779	0.00984254223989378	0.0142894224580418	s851c	since age 15, have you ever had chest or back pain?
s851c_1	1	0.591797713521421	0.192160946588833	0.00223790880009797	0.00984254223989378	0.0142894224580418	s851c	since age 15, have you ever had chest or back pain?
hv113_07_8	1	-15.1151590448088	0.472534253868155	4.406701e-77	0.0090348421477305409	2.50244361042553e-75	hv113_07	father alive
v502_2	1	0.97789332649751	0.334375919338437	0.00367719800035243	0.00888799397463824	0.0219736390638488	v502	currently/formerly/never marr.
sh03_10_13	1	-14.7611843705047	0.990476570477192	2.62772e-25	0.00839699436380215	2.81662035341365e-24	sh03_10	relationship to head
sm611_1_4	1	-14.6693544127891	0.537912353140771	1.98e-67	0.00831269870317053	9.43682142857143e-66	sm611_1	who provided money/goods/svcs to pay for care
hv129_02_3	1	-14.8956316356073	0.508990409680961	6.147107e-71	0.00798232642988761	3.21698599666667e-69	hv129_02	school attendance status
sh57b_03_2	1	-14.8063370601728	0.665784424630091	1.659711e-42	0.00777147745997497	3.28131011777778e-41	sh57b_03	consent of p/g for hiv testing
shhivage_02	1	0.0215927614593686	0.00798181783506627	0.00719684345906966	0.00686423178724782	0.0402245748764962	shhivage	imputed age (from individual questionnaire}
s114x_1	1	-14.6786478508954	0.879957100729513	1.779745e-37	0.00675483632094986	3.10466627777778e-36	s114x	reads other
s114x_0	1	14.6786478466784	0.879957098693626	1.779745e-37	0.00675483632094986	3.10466627777778e-36	s114x	reads other
hv113_06_8	1	-14.9874047731914	0.42100801244166	2.103438e-94	0.00664793752627046	2.07928741555556e-92	hv113_06	father alive
s847b_0	1	-1.11359303339837	0.416014803934837	0.00778660119900828	0.00616811970655629	0.04293892272759	s847b	where sought advice for sti: govt health ctr
s847b_1	1	1.11359303339837	0.416014803934839	0.00778660119900845	0.00616811970655606	0.04293892272759	s847b	where sought advice for sti: govt health ctr
hc61_1_3	1	-14.5688214870883	0.732577480268729	3.226678e-51	0.00605596116461471	9.16170593829787e-50	hc61_1	mother's highest educational level
s116x_1	1	-14.8988196615645	1.00273432429521	1.464732e-29	0.00593442432993185	2.02558015958549e-28	s116x	watches other tv
s116x_0	1	14.8988196551045	1.00273432258914	1.464731e-29	0.00593442432993163	2.02558015958549e-28	s116x	watches other tv
sh03_09_13	1	-14.8390923560598	0.971793949376273	3.8577280000000003e-29	0.00574806004765438	5.20013941010101e-28	sh03_09	relationship to head
v772_2	1	-14.5994045131143	1.02688918314727	1.483022e-25	0.0051732471634085	1.59604262822581e-24	v772	tried to avoid infecting partner
s864x_1	1	-2.98557199807374	1.06985683755752	0.00555228458322119	0.00459251049137166	0.0318689194679982	s864x	tb cause: other
s864x_0	1	2.98557199807376	1.06985683755755	0.00555228458322186	0.00459251049137166	0.0318689194679982	s864x	tb cause: other
hv122_09_2	1	-13.8922556819418	0.961245876815141	2.340612e-27	0.00458694411207006	2.64707348644068e-26	hv122_09	educational level during current school year
sh21a_03_4	1	-14.0916000175036	0.644074423408936	1.600156e-55	0.00454754285706582	5.40609666329114e-54	sh21a_03	level of education currently attending
sh03_04_13	1	1.53657222563198	0.371953345694217	4.65285258727683e-5	0.00448536499238961	3.68500402238631e-4	sh03_04	relationship to head
hc91_2_2	1	-14.3466515099531	1.03154788668199	2.781239e-23	0.00430780461398705	2.70917039817518e-22	hc91_2	mother's highest educational level, country-specific
hv121_2	1	-14.286751235973	0.39193750019994	1.585628e-120	0.00428191774293973	5.290051415e-118	hv121	member attended school during current school year
v754j_1	1	15.1423622903306	1.00357831090384	6.981652e-40	0.00407002783173216	1.32156235375887e-38	v754j	aids: avoid mosquito bites
sh03_03_11	1	-14.0960272092002	0.412191545716794	1.660451e-110	0.00385895367372402	3.16553122785714e-108	sh03_03	relationship to head
hv122_3	1	-14.3858015239158	0.444364018004341	9.829874e-107	0.00364669748274227	1.38083861610526e-104	hv122	educational level during current school year
sh61_02_6	1	-14.1247654761619	0.481855647992597	3.062624e-91	0.00364467042524963	2.91933694857143e-89	sh61_02	result of measuring (hemoglobin)
hv226_10	1	-14.173042671134	0.451597822441704	2.99324e-103	0.00352799267364645	3.63134434545455e-101	hv226	type of cooking fuel
hv121_05_2	1	-14.0006408464218	0.79566436951856	1.445637e-47	0.00351073450516226	3.50764104818182e-46	hv121_05	member attended school during current school year
sh03_07_7	1	-13.9941214868434	0.80832589212188	6.953619e-43	0.0032854922639447	1.38501560529851e-41	sh03_07	relationship to head
hv126_3	1	-13.400064961244	0.489309101571187	1.226007e-88	0.00310938768147428	1.0225664634375e-86	hv126	educational level during previous school year
sh62_02_6	1	-14.0978547559157	0.53716964174531	7.487162e-81	0.00297609848284452	4.87395984829268e-79	sh62_02	result of measuring (hiv) in field
v754i_1	1	-13.4110150318654	0.528573656750963	5.749583e-81	0.0029545846754806	3.83640925675e-79	v754i	aids: avoid kissing
mv3b15c_0	1	13.4931702578895	0.727564076799507	3.425654e-49	0.00276265824996624	9.05254507524752e-48	mv3b15c	problems with condom: difficult to dispose of
mv3b15c_1	1	-13.4931702616028	0.727564077521818	3.425654e-49	0.00276265824996624	9.05254507524752e-48	mv3b15c	problems with condom: difficult to dispose of
sh18a_04_6	1	-13.4282128233382	1.0021843463729	4.404583e-32	0.00239488829826617	6.67945001534091e-31	sh18a_04	level of education highest ever attended
hv129_1	1	-14.0192524357443	0.456362477802363	2.451558e-88	0.00235603393269257	1.98279039454545e-86	hv129	school attendance status
hc91_1_2	1	-13.1481699884338	0.720741109244853	6.915455e-45	0.0022163330180327	1.46486899960317e-43	hc91_1	mother's highest educational level, country-specific
sh03_07_2	1	-13.3399276216385	0.939979061219638	7.51433e-33	0.00221476803442522	1.14604267257143e-31	sh03_07	relationship to head
hv101_07_2	1	-13.3399276216385	0.939979061219638	7.51433e-33	0.00221476803442522	1.14604267257143e-31	hv101_07	relationship to head
mv3b15d_0	1	13.3641313253181	0.716582227732308	1.502303e-49	0.00202699257794181	4.05014818888889e-48	mv3b15d	problems with condom: difficult to put on/take off
mv3b15d_1	1	-13.3641313290999	0.716582228593874	1.502303e-49	0.00202699257794181	4.05014818888889e-48	mv3b15d	problems with condom: difficult to put on/take off
sm419_2	1	-13.3591413622349	1.03892304798014	1.148427e-27	0.00199811841719877	1.33849417598253e-26	sm419	contraceptive method with last partner
sh03_05_12	1	-13.7434769952157	1.00546734886539	3.794724e-33	0.00190647792841137	5.85440367398844e-32	sh03_05	relationship to head
hv101_05_11	1	-13.7434769952157	1.00546734886539	3.794724e-33	0.00190647792841137	5.85440367398844e-32	hv101_05	relationship to head
hv109_10_5	1	-13.5086710225126	0.831487602707136	1.658787e-27	0.00172912739665165	1.90832004439655e-26	hv109_10	educational attainment
hv106_10_3	1	-13.5086710225126	0.831487602707136	1.658787e-27	0.00172912739665165	1.90832004439655e-26	hv106_10	highest educational level
hv126_01_1	1	-13.0830192563014	0.485301884026398	5.00214e-87	0.00165030491963092	3.70853101666667e-85	hv126_01	educational level during previous school year
sh21a_06_5	1	-13.0864309594114	1.0151018526856	1.411673e-26	0.00159354275762891	1.56338391576763e-25	sh21a_06	level of education currently attending
sh61_03_4	1	-12.7511003581443	0.658369144690577	3.867452e-50	0.00148943071863961	1.06414735958763e-48	sh61_03	result of measuring (hemoglobin)
sh03_03_6	1	-13.0392556279204	0.610932362334288	4.096858e-64	0.00148815498865174	1.82241900033333e-62	sh03_03	relationship to head
hv111_04_8	1	-12.9778839986786	0.730139161250763	3.139108e-47	0.00145843560352199	7.480606475e-46	hv111_04	mother alive
sh21a_04_6	1	-12.8565938287881	0.7813369140404	1.418519e-40	0.00138384899343658	2.70430515071429e-39	sh21a_04	level of education currently attending
sh18a_06_5	1	-13.1099225419489	1.0109650311454	2.420562e-28	0.0011583668166687	3.00487440837209e-27	sh18a_06	level of education highest ever attended
s117_5	1	-13.0660944989024	0.51726666005925	1.558845e-80	0.00113674201100666	9.90608882142857e-79	s117	religion
sh03_07_13	1	-12.8581581313808	1.00577263813736	2.518836e-28	0.00107328769414572	3.0980522046083e-27	sh03_07	relationship to head
sh03_08_13	1	-12.9337473942011	1.01328451483034	1.955217e-26	0.00106176927915647	2.14752023580247e-25	sh03_08	relationship to head
sh03_04_6	1	-12.9365418102388	0.759077372252215	2.232342e-46	0.00103807098275621	5.27267327256637e-45	sh03_04	relationship to head
sh23a_03_5	1	-12.9329764957272	1.01288245539219	1.155828e-27	0.00101656499597769	1.34126301391304e-26	sh23a_03	level of education attended last year
v150_11	1	-12.2744378870216	0.717436904578709	5.531216e-48	0.00100936670739549	1.41950149076923e-46	v150	relationship to household head
sh03_12	1	-12.2720475942862	0.717401700796327	5.66091e-48	0.00100105864693678	1.42537441415094e-46	sh03	relationship to head
hv101_11	1	-12.2720475942862	0.717401700796327	5.66091e-48	0.00100105864693678	1.42537441415094e-46	hv101	relationship to head
sxlator_0	1	12.0971796857632	0.660460443902535	7.191115e-53	8.0021281375342e-4	2.23175417848837e-51	sxlator	was a translator used
sxlator_1	1	-12.0971796850387	0.660460442355072	7.191112e-53	8.00212813753198e-4	2.23175417848837e-51	sxlator	was a translator used
v630d_1	1	-12.0416318272818	0.59720269738303	2.415762e-60	7.98617538673274e-4	9.08122739014084e-59	v630d	discussed fp with sister(s)
v630d_0	1	12.0416318295186	0.597202699069052	2.415763e-60	7.98617538673274e-4	9.08122739014084e-59	v630d	discussed fp with sister(s)
mv312b_9	1	-12.1791443919109	0.738920807414874	1.85549e-45	7.82084157820218e-4	4.161599e-44	mv312b	contraceptive method with other woman
mv313b_2	1	-12.1791443919109	0.738920807414874	1.85549e-45	7.82084157820218e-4	4.161599e-44	mv313b	method use by method type with other woman
v784_99	1	-12.2513728793859	1.00559093150835	2.361996e-27	7.17972950898482e-4	2.65998621265823e-26	v784	where to get an aids test
sh56	1	-0.710170771465839	0.14956868926679	5.07862269877931e-6	7.10714799223688e-4	4.23588874470062e-5	sh56	line number of parent/caretaker
hc91_1_5	1	-12.0225375121265	1.01071492160871	3.527578e-25	7.0015449434857e-4	3.7660422728e-24	hc91_1	mother's highest educational level, country-specific
sh61_04_4	1	-12.6793836038962	1.01690742372497	9.408971e-25	6.37015233108995e-4	1.00049974498008e-23	sh61_04	result of measuring (hemoglobin)
sh03_6	1	-12.0862777654318	0.999214568781881	2.488143e-28	6.33337833378045e-4	3.07446929027778e-27	sh03	relationship to head
hv121_06_2	1	-11.9488622763804	1.00702593228113	4.11199e-26	5.98533969833781e-4	4.47955155510204e-25	hv121_06	member attended school during current school year
hv113_8	1	-13.4877111047561	1.00426844652176	1.894235e-27	5.98068418324438e-4	2.16056120299145e-26	hv113	father alive
hv101_04_11	1	-12.103351723571	0.999162520350533	6.715236e-28	5.36054336340852e-4	8.10993886153846e-27	hv101_04	relationship to head
sh03_04_12	1	-12.103351723571	0.999162520350533	6.715236e-28	5.36054336340852e-4	8.10993886153846e-27	sh03_04	relationship to head
sh62_01_4	1	-12.2745526013015	1.00831737845615	1.317917e-28	5.09183315399175e-4	1.67500974904762e-27	sh62_01	result of measuring (hiv) in field
ha57_2_1	1	-12.4659176396184	1.02217891260314	4.05496e-24	4.92466069205721e-4	4.09950312121212e-23	ha57_2	anemia level
hv201_96	1	-12.2406108758913	0.998375640122778	6.052495e-29	4.69174663429661e-4	7.99708374009901e-28	hv201	source of drinking water
hv122_01_1	1	-12.2294834651838	1.00937877802161	2.095287e-28	4.65082541320272e-4	2.6132341135514e-27	hv122_01	educational level during current school year
v786l_1	1	-12.0677200101853	0.851304964441854	2.774117e-36	4.30936100882295e-4	4.7159989e-35	v786l	woman's symptoms of sti
v786l_0	1	12.0677200027822	0.851304962367109	2.774116e-36	4.30936100882073e-4	4.7159989e-35	v786l	woman's symptoms of sti
sh35_96	1	12.6482016135105	1.00358435238913	3.13058e-30	4.00760642037201e-4	4.46819145454545e-29	sh35	mode of transport used to reach health facility
sh33_5	1	-12.0260527022364	0.845946727472181	2.0162e-36	3.94030219904029e-4	3.47176632258064e-35	sh33	test salt for iodine
hv213_31	1	-12.1640742064001	1.00378004430491	2.052397e-28	3.91037745503531e-4	2.57175943333333e-27	hv213	main floor material
v763b_8	1	-11.1046952787135	1.00484011119543	1.611739e-24	3.33384894615096e-4	1.68695348666667e-23	v763b	had genital sore/ulcer in last 12 months
sm116_5	1	-11.01369488894	1.00217600812718	5.606711e-24	3.14428448428661e-4	5.64691006e-23	sm116	sentence read
s115x_1	1	-11.0217027735656	1.0056874855399	1.760705e-23	2.95531380419045e-4	1.72769178125e-22	s115x	listens to other radio
s115x_0	1	11.0217027727327	1.00568748527581	1.760705e-23	2.95531380418823e-4	1.72769178125e-22	s115x	listens to other radio
sh57a_1	1	12.6214186005722	1.27493348975946	1.456632e-17	2.49252917239651e-4	1.349913475e-16	sh57a	consent of p/g for anemia testing
sh57a_3	1	-12.6214186000361	1.27493348540927	1.456632e-17	2.49252917239651e-4	1.349913475e-16	sh57a	consent of p/g for anemia testing
sh57b_1	1	12.6130606657818	1.2749536352272	1.415152e-17	2.45196403023451e-4	1.3206435972028e-16	sh57b	consent of p/g for hiv testing
sh57b_3	1	-12.6130606653371	1.27495363451966	1.415152e-17	2.4519640302334e-4	1.3206435972028e-16	sh57b	consent of p/g for hiv testing
v630i_1	1	-10.9255209957455	1.00330047371998	6.070982e-24	1.70901968771009e-4	6.06870822397004e-23	v630i	discussed fp with son(s)
v630i_0	1	10.9255209923292	1.00330047265383	6.070981e-24	1.70901968771009e-4	6.06870822397004e-23	v630i	discussed fp with son(s)
mv3b22_4	1	-10.8823155317197	1.00439913960377	9.698175e-24	1.46999659936364e-4	9.58682558333333e-23	mv3b22	consider getting sterilized
s836p_1	1	-9.81323764857214	1.00408942042416	4.409639e-20	6.73465480949265e-5	4.18837241672598e-19	s836p	who taught condom usage: shop
s836p_0	1	9.81323764479622	1.00408941921596	4.409639e-20	6.73465480947044e-5	4.18837241672598e-19	s836p	who taught condom usage: shop
